Issue_Size(crores),QIB,HNI,RII,Offer Price,Month,Year,Demand_Gap,log_issue_size,Apply_Label,Nifty_Return_7d
650.0,36.72,38.24,32.55,385,8,2025,4.170000000000002,6.478509642208569,0,-0.4323228495972109
792.0,163.9,57.71,20.28,150,8,2025,143.62,6.675823221634848,1,-0.4323228495972109
4011.6,103.97,34.98,7.73,800,8,2025,96.24,8.297194689246101,0,-0.4323228495972109
1300.0,133.21,72.0,50.87,675,8,2025,82.34,7.170888478512505,1,-0.7547176339735118
254.26,1.3,1.84,2.22,158,8,2025,-0.9200000000000002,5.542282633554545,0,-0.7547176339735118
360.11,117.33,151.48,30.37,199,8,2025,86.96,5.889182621059753,1,-2.5953741732196334
759.6,5.42,1.92,6.4,90,7,2025,-0.9800000000000004,6.634107595494159,0,-1.1673594192147974
460.44,266.21,227.67,46.84,237,7,2025,219.36999999999998,6.13435203465653,1,-0.9391864110502857
700.0,14.35,8.27,12.9,237,7,2025,1.4499999999999993,6.55250788703459,0,-0.9391864110502857
3395.0,182.65,42.36,5.64,570,7,2025,177.01000000000002,8.130353547431238,1,-1.0433767415032436
582.56,24.41,22.78,3.53,407,7,2025,20.88,6.369147274203694,0,-1.6105427808796202
2000.0,7.7,1.58,0.69,1100,7,2025,7.01,7.601402334583733,0,-1.2713882145350741
860.0,134.35,76.15,10.24,245,7,2025,124.11,6.7580945044277305,1,-0.1604855209407341
200.0,33.26,48.39,14.78,111,7,2025,18.479999999999997,5.303304908059076,0,1.4412479361807229
12500.0,55.47,9.99,1.41,740,7,2025,54.06,9.433563920090563,1,1.9281672298387287
540.0,62.32,31.82,7.99,82,7,2025,54.33,6.293419278846481,1,1.9281672298387287
119.0,99.76,143.15,53.72,71,7,2025,46.040000000000006,4.787491742782046,1,1.7099137635018913
1590.0,3.12,1.31,1.29,414,7,2025,1.83,7.372118028337787,0,1.7099137635018913
852.53,64.23,15.21,2.14,400,7,2025,62.09,6.749380691001656,1,1.7099137635018913
499.6,1.42,3.14,5.59,222,6,2025,-4.17,6.215807378997674,0,1.1955584951796938
1387.34,88.08,36.7,3.6,614,6,2025,84.48,7.235864067842073,0,-0.11534759221611957
220.0,69.51,113.03,19.4,140,6,2025,50.11000000000001,5.3981627015177525,0,-1.5237345719013362
168.0,104.49,222.14,39.49,105,6,2025,65.0,5.1298987149230735,1,-1.249943712335888
2800.0,3.3,0.56,0.77,235,6,2025,2.53,7.937731775260109,0,0.43438316606305705
3500.0,7.46,1.02,0.83,435,6,2025,6.63,8.160803920954665,0,0.43438316606305705
2150.0,108.35,38.33,4.27,90,5,2025,104.08,7.67368812926773,0,-0.7736882118560273
144.89,87.21,237.42,200.53,216,5,2025,-113.32000000000001,4.982852913083804,1,-0.7737933814608411
2980.8,1.7,0.66,1.78,321,5,2025,-0.08000000000000007,8.0002824239943,0,0.5481174547759871
858.7,1.03,1.45,1.83,425,2,2025,-0.8,6.756583491180399,0,-2.075647911729206
8750.0,9.09,0.2,0.11,708,2,2025,8.98,9.076923258535832,0,-1.9190270394079056
1268.88,14.41,6.46,1.92,629,2,2025,12.49,7.146677686799371,0,-2.7277891487031525
3027.26,4.64,0.4,0.41,402,2,2025,4.2299999999999995,8.015743476128725,0,3.986568022911352
220.5,236.94,507.27,90.56,294,1,2025,146.38,5.40042258948519,1,-0.7781209506420028
199.45,172.93,422.42,96.89,90,1,2025,76.04,5.300564839088516,1,0.12641855336588126
698.06,110.38,147.95,76.24,428,1,2025,34.14,6.549736575459905,1,-0.77253310097124
1578.0,0.58,4.24,0.0,99,1,2025,0.58,7.364547014255642,0,-2.0505341774109787
290.0,132.54,254.71,246.94,290,1,2025,-114.4,5.673323267171493,1,-3.4522301575729775
410.05,331.6,268.5,64.99,140,1,2025,266.61,6.018714861598142,1,-4.5587544326259
260.15,242.4,503.83,104.92,215,1,2025,137.48000000000002,5.565094954882308,1,-0.4430278677946986
500.0,317.63,263.78,56.74,785,12,2024,260.89,6.2166061010848646,1,-1.2813221922048479
1600.0,9.08,13.85,5.87,643,12,2024,3.21,7.3783837129967145,1,-2.289155177589064
1250.0,2.21,0.6,0.71,704,12,2024,1.5,7.1316985104669115,0,-2.289155177589064
582.11,94.66,96.11,89.23,391,12,2024,5.429999999999993,6.368375847798085,1,-2.289155177589064
838.91,201.06,76.41,22.07,432,12,2024,178.99,6.733294743240011,1,-2.147434292303585
840.25,166.33,98.62,27.13,283,12,2024,139.20000000000002,6.734888880958938,1,-2.147434292303585
179.35,235.88,274.38,138.08,243,12,2024,97.79999999999998,5.194899407349548,1,-2.147434292303585
550.0,75.62,42.21,8.93,321,12,2024,66.69,6.311734809152915,1,-2.147434292303585
500.33,17.32,14.2,5.56,701,12,2024,11.760000000000002,6.217264566883401,1,-2.147434292303585
4225.0,45.8,24.84,11.21,417,12,2024,34.589999999999996,8.349011198176003,1,-4.278505416910194
2497.92,80.64,23.25,14.55,1329,12,2024,66.09,7.8236139175174095,1,-2.675132889207965
8000.0,80.75,14.25,2.31,78,12,2024,78.44,8.987321812850125,1,-1.7066103035257352
572.0,119.5,108.95,134.67,279,12,2024,-15.169999999999987,6.35088571671474,1,-1.7066103035257352
3042.62,30.93,4.92,1.37,549,12,2024,29.56,8.020802875446503,1,-1.7066103035257352
846.25,1.74,1.41,0.95,441,12,2024,0.79,6.741995810487161,0,1.6597406545099558
650.3,157.05,153.8,24.48,148,11,2024,132.57000000000002,6.478970365552356,1,2.6047562955758163
10000.0,3.32,0.81,3.44,108,11,2024,-0.1200000000000001,9.210440366976517,0,3.1539143256615443
1114.72,2.76,0.24,1.66,273,11,2024,1.0999999999999999,7.017255215404227,0,-0.9695036045107464
2200.0,2.06,0.68,2.73,74,11,2024,-0.6699999999999999,7.696667081526462,0,-2.8108582495577683
11327.4,6.02,0.41,1.14,390,11,2024,4.88,9.335068126044554,0,-1.8182641021180945
2900.0,3.54,0.97,3.1,289,11,2024,0.43999999999999995,7.972810784121404,0,-1.8182641021180945
2106.4,3.52,1.93,4.16,30,11,2024,-0.6400000000000001,7.6532102391654275,0,-1.7317903889213504
5430.0,3.79,5.05,0.94,463,11,2024,2.85,8.599878558034845,0,-1.6559865192640078
554.75,2.76,0.9,1.71,352,10,2024,1.0499999999999998,6.320318552844306,0,-1.7765555481381812
260.04,13.91,82.47,39.79,203,10,2024,-25.88,5.564673652285065,0,-1.6594008659932658
4321.44,208.63,62.49,10.79,1503,10,2024,197.84,8.371575336605119,1,-1.6594008659932658
27858.8,6.97,0.6,0.5,1960,10,2024,6.47,10.234940068557131,0,-1.9714206940925516
264.1,1.24,9.03,10.81,95,10,2024,-9.57,5.5801071132949795,0,0.17090019695529257
157.96,95.74,207.6,85.61,168,10,2024,10.129999999999995,5.0686525982435615,1,-3.5689533211082924
341.95,253.04,431.63,98.29,220,10,2024,154.75,5.83758466394533,1,-2.6560384868555276
150.84,148.55,511.62,143.95,120,9,2024,4.600000000000023,5.022827334861618,1,1.5543434240971932
410.0,163.16,163.02,51.39,128,9,2024,111.77,6.018593214496234,1,2.3027641457811665
777.0,240.79,142.41,31.08,263,9,2024,209.70999999999998,6.656726524178391,1,2.3027641457811665
492.88,27.99,44.71,25.95,172,9,2024,2.039999999999999,6.202292572699543,0,2.3027641457811665
1100.0,136.85,56.08,16.58,480,9,2024,120.27,7.00397413672268,1,2.279080006045131
230.0,25.42,27.41,21.52,226,9,2024,3.900000000000002,5.442417710521793,0,0.9490930413177612
6560.0,209.36,41.51,7.04,70,9,2024,202.32000000000002,8.788898309344878,1,0.9490930413177612
500.0,23.32,22.24,10.76,240,9,2024,12.56,6.2166061010848646,0,0.9490930413177612
169.65,150.87,210.12,73.22,83,9,2024,77.65,5.139614675352716,1,0.431374327517986
167.93,232.54,414.62,91.95,529,9,2024,140.58999999999997,5.129484427934637,1,-0.8569865748787153
834.68,81.83,59.43,9.12,389,9,2024,72.71,6.728245764687989,0,-0.7991235228295035
601.2,136.85,71.23,19.79,334,9,2024,117.06,6.400589616047633,1,0.7520795675146186
2830.4,216.67,50.04,7.69,450,9,2024,208.98,7.948526567960397,1,1.8398116740350634
214.76,189.9,300.6,66.87,206,8,2024,123.03,5.374166678831474,1,1.9521671904509486
600.29,205.41,128.42,19.11,900,8,2024,186.3,6.3990773472736056,1,3.590368560704116
160.01,64.12,358.65,61.88,160,8,2024,2.240000000000002,5.081466474856847,1,2.412611889434846
4193.73,19.3,4.68,2.31,465,8,2024,16.990000000000002,8.341584254493847,1,-2.3412341643473833
276.57,138.75,252.48,131.15,108,8,2024,7.599999999999994,5.626073153628491,1,-2.3412341643473833
6145.56,5.31,2.4,3.92,76,8,2024,1.3899999999999997,8.723647854712725,0,-2.3391722685632055
1252.66,31.5,14.42,3.77,401,8,2024,27.73,7.133822552053442,0,-2.978202612442993
1856.74,90.09,42.21,21.3,679,8,2024,68.79,7.5271159741674865,0,-3.3916002769231124
510.55,145.68,136.5,24.23,95,7,2024,121.45,6.237445332324949,1,0.9013513564986031
1952.03,195.83,48.32,7.21,1008,7,2024,188.62,7.577137291741803,1,0.7559455880979948
745.0,146.05,51.46,13.64,256,7,2024,132.41000000000003,6.61472560020376,1,0.7559455880979948
171.0,163.9,208.81,54.93,207,7,2024,108.97,5.147494476813453,1,3.1806235618347056
1500.0,50.37,32.4,4.51,281,7,2024,45.86,7.313886831633462,1,2.649876007297869
537.02,0.74,8.86,6.11,369,6,2024,-5.37,6.287895734192011,1,2.1032471907424632
18000.0,17.56,4.13,0.92,11,4,2024,16.639999999999997,9.798182590890704,0,1.3372976063531272
4275.0,48.57,10.52,2.83,570,4,2024,45.74,8.360773272144936,1,0.29438704811810545
130.2,59.59,214.94,46.97,210,4,2024,12.620000000000005,4.876722876509988,0,1.9203259451231913
300.12,7.33,43.91,3.32,715,3,2024,4.01,5.707508856397014,1,-1.4494733154725825
601.55,1.97,0.66,1.05,295,3,2024,0.9199999999999999,6.401170649473401,0,-3.005757379415519
650.0,17.5,9.5,4.01,401,3,2024,13.49,6.478509642208569,0,-1.155734384549345
251.19,32.09,46.33,17.44,221,3,2024,14.650000000000002,5.530182771674116,0,-1.5267227631358016
423.56,20.58,34.36,34.03,288,3,2024,-13.450000000000003,6.0510533385196394,0,1.6053388328979512
224.0,189.28,250.38,58.52,28,3,2024,130.76,5.41610040220442,1,1.3298338708492397
2499.99,8.92,6.93,0.0,100,3,2024,8.92,7.824441932468986,0,1.6053388328979512
429.0,121.8,153.22,119.59,142,3,2024,2.2099999999999937,6.063785208687608,1,0.6464840724029752
235.32,151.0,141.83,50.99,171,3,2024,100.00999999999999,5.46518681878307,1,0.6464840724029752
525.14,17.3,11.02,2.44,186,2,2024,14.860000000000001,6.265567337019319,1,-0.9647651818706082
1800.0,0.0,0.06,0.52,360,2,2024,-0.52,7.496097345175956,0,-0.7734277000531087
72.17,178.73,721.34,188.17,151,2,2024,-9.439999999999998,4.292785500895938,1,1.9026705784459974
1600.0,2.28,0.22,1.33,1258,2,2024,0.9499999999999997,7.3783837129967145,0,0.5024929607168049
570.0,38.75,25.05,5.46,414,2,2024,33.29,6.3473892096560105,0,0.31394684362135994
523.07,6.64,4.05,2.49,468,2,2024,4.1499999999999995,6.261625263185248,0,0.31394684362135994
600.0,143.66,62.75,10.44,311,2,2024,133.22,6.398594934535208,0,0.31394684362135994
920.0,75.14,52.41,30.35,155,2,2024,44.79,6.825460036255307,1,-0.37515210511316344
309.29,123.3,300.14,237.0,135,2,2024,-113.7,5.737507344057822,1,2.7013140872868213
143.81,79.31,224.08,77.12,41,1,2024,2.1899999999999977,4.975422538340511,1,1.2275004659343836
640.05,25.5,28.1,6.29,230,1,2024,19.21,6.46310745699871,0,-0.23108532691923367
1171.58,40.14,14.85,3.19,418,1,2024,36.95,7.066961728270041,1,-1.8866109808157505
1000.0,44.13,36.48,26.17,331,1,2024,17.96,6.90875477931522,1,1.4808297641312862
570.0,116.73,64.95,17.15,448,12,2023,99.58000000000001,6.3473892096560105,0,1.2972520815984323
740.0,179.66,87.61,23.79,524,12,2023,155.87,6.608000625296087,1,1.6810061397827036
1008.59,220.48,62.17,15.09,850,12,2023,205.39,6.917299586825058,1,0.9232550550460239
549.78,104.95,55.52,19.94,280,12,2023,85.01,6.311335455374621,0,0.9232550550460239
100.0,13.43,9.27,24.74,100,12,2023,-11.309999999999999,4.61512051684126,0,0.9232550550460239
960.0,17.47,13.2,7.61,291,12,2023,9.86,6.8679744089702925,0,1.2210454765653855
151.09,157.4,233.91,122.28,55,12,2023,35.120000000000005,5.024472450884278,1,1.2210454765653855
400.0,24.31,18.9,9.3,360,12,2023,15.009999999999998,5.993961427306569,0,1.2210454765653855
1459.32,147.8,53.2,15.3,660,12,2023,132.5,7.286410868768567,1,1.667672981051993
1200.0,115.97,66.51,69.67,790,12,2023,46.3,7.0909098220799835,1,0.7289139171472225
1200.0,89.7,28.51,9.95,493,12,2023,79.75,7.0909098220799835,1,0.7289139171472225
593.0,115.6,33.37,13.01,304,12,2023,102.58999999999999,6.386879319362645,1,2.4490228698479832
3042.51,203.41,62.11,16.5,500,11,2023,186.91,8.020766733619398,1,2.229868948029856
500.69,129.0,62.23,28.95,169,11,2023,100.05,6.217982399061142,1,2.229868948029856
1092.26,3.51,1.45,1.82,140,11,2023,1.6899999999999997,6.996919337289842,0,2.229868948029856
2150.21,104.57,24.16,7.73,32,11,2023,96.83999999999999,7.6737857535120915,1,1.8487862925904208
833.91,142.41,35.47,5.7,282,11,2023,136.71,6.727323934610559,0,2.313238372235338
489.95,46.94,31.62,8.93,792,11,2023,38.01,6.196342289615299,0,1.6217881502097242
463.0,173.52,84.37,16.97,60,11,2023,156.55,6.139884552226255,1,2.2970970779469635
1701.44,11.5,4.02,1.35,324,11,2023,10.15,7.439817795111894,0,1.8871449618711456
1900.0,108.57,24.42,3.06,648,11,2023,105.50999999999999,7.550135342488429,1,2.940513595566685
840.27,13.72,13.59,2.24,346,11,2023,11.48,6.734912654821954,0,-2.8322668058654132
544.36,44.73,48.34,9.29,505,10,2023,35.44,6.30144612705453,0,-4.431943441407881
71.28,42.84,388.09,374.81,54,10,2023,-331.97,4.280547465724028,1,1.3582538564936408
152.46,20.83,73.64,16.06,140,10,2023,4.77,5.033439946749519,1,-0.056950877434835956
2800.0,57.09,15.99,10.32,119,10,2023,46.77,7.937731775260109,1,-1.0819361099429048
640.0,4.48,0.85,1.39,300,10,2023,3.0900000000000007,6.46302945692067,0,-1.2104674415797323
270.2,1.06,5.18,1.66,215,10,2023,-0.5999999999999999,5.60285655606624,0,-1.0819361099429048
730.0,12.71,13.54,6.82,385,9,2023,5.890000000000001,6.594413459749778,1,-2.3568351372246776
1201.0,12.35,2.47,0.88,222,9,2023,11.469999999999999,7.091742115095153,0,-2.3568351372246776
775.0,2.05,0.42,2.11,142,9,2023,-0.06000000000000005,6.654152520183219,0,-3.0285644993088057
1370.1,8.82,1.22,1.11,126,9,2023,7.71,7.22336861636261,0,-1.5952885541743789
563.38,16.73,8.85,5.94,164,9,2023,10.79,6.335727783489703,0,-1.5952885541743789
1964.01,52.26,13.23,2.13,1035,9,2023,50.129999999999995,7.583252613348937,1,0.4109555023377398
321.25,0.67,29.73,16.62,211,9,2023,-15.950000000000001,5.775327641819297,1,-1.2702318421204062
869.08,187.32,34.75,7.73,735,9,2023,179.59,6.768585161444106,1,2.0593549664612354
165.03,133.05,135.21,54.01,98,9,2023,79.04000000000002,5.112168494919695,1,3.856635043446177
490.78,72.54,31.29,8.44,441,9,2023,64.10000000000001,6.19803146201739,0,3.856635043446177
308.61,171.69,111.03,32.02,99,9,2023,139.67,5.735313440935549,1,1.6043953370255215
351.0,194.73,126.13,34.41,108,8,2023,160.32,5.863631175598097,1,-0.7354358310185272
153.05,9.94,32.24,14.72,166,8,2023,-4.780000000000001,5.037277225042677,1,0.1683052661038742
880.0,1.35,2.35,7.61,197,8,2023,-6.26,6.78105762593618,0,0.08080592804673437
1550.52,67.67,16.99,3.78,741,8,2023,63.89,7.346990374556236,1,-1.3320792094029366
1025.0,192.9,49.09,10.99,57,8,2023,181.91,6.933423025730715,1,-0.2664343905313338
686.55,85.1,37.22,8.34,300,8,2023,76.75999999999999,6.533134554168954,0,-0.31841264773065925
631.0,228.91,81.81,19.15,500,7,2023,209.76,6.448889394146858,1,-0.4524202659594634
500.0,124.85,81.64,72.11,25,7,2023,52.739999999999995,6.2166061010848646,1,1.8607801375992716
405.0,180.94,64.99,15.46,317,7,2023,165.48,6.0063531596017325,1,0.8557362682681591
592.0,90.44,45.05,49.22,265,7,2023,41.22,6.385194398997726,1,2.0229747321184544
567.25,125.81,80.58,85.2,672,7,2023,40.61,6.342561462732653,1,2.733642160695471
480.0,1.74,2.97,0.96,585,7,2023,0.78,6.175867270105761,0,3.2909369381367792
606.5,163.58,63.35,13.86,285,6,2023,149.72000000000003,6.409352175214703,1,0.5318673492897386
3200.0,0.0,0.0,0.0,100,5,2023,0.0,8.071218539969863,0,-0.6098750273398679
4326.36,49.16,3.8,0.92,1080,5,2023,48.239999999999995,8.372712935284994,1,1.9586795582363203
865.0,3.57,0.41,0.84,436,4,2023,2.73,6.763884908562435,0,0.5872262412381035
66.0,40.47,60.42,14.1,35,4,2023,26.369999999999997,4.204692619390966,0,1.4351202200284519
154.98,8.95,33.1,5.12,140,3,2023,3.829999999999999,5.049727793902352,1,0.19714261812455725
412.12,7.83,1.4,4.31,590,3,2023,3.5200000000000005,6.023738107658278,0,-1.6083663056149722
66.3,2.4,32.69,39.78,65,1,2023,-37.38,4.209160236650682,1,-2.0532045515264663
256.64,1.01,0.66,0.21,94,1,2023,0.8,5.55156326167869,0,0.15737018856776253
475.0,4.51,3.29,2.2,247,12,2022,2.3099999999999996,6.16541785423142,0,-0.5154036745679491
1500.0,4.17,0.23,1.36,366,12,2022,2.8099999999999996,7.313886831633462,0,-1.0568267746163595
552.0,8.71,1.32,0.59,506,12,2022,8.120000000000001,6.315358001522335,0,-4.573881257356804
345.6,4.1,1.48,0.4,270,12,2022,3.6999999999999997,5.848171377281505,0,-4.573881257356804
960.35,4.13,1.51,1.65,357,12,2022,2.48,6.868338546618346,0,-2.583030904046646
835.61,67.14,17.86,4.63,577,12,2022,62.51,6.729358012080336,0,-1.6762769933554855
251.09,48.21,52.29,21.53,237,12,2022,26.68,5.529786166608236,1,-0.04673513880283364
635.0,3.84,3.03,0.53,541,11,2022,3.3099999999999996,6.455198563340122,0,0.4385016738053915
740.0,1.05,0.47,4.7,65,11,2022,-3.6500000000000004,6.608000625296087,0,-0.3377155476702365
857.82,98.47,21.21,4.1,587,11,2022,94.37,6.755559354042727,1,-0.5749413041724383
1462.31,48.91,14.9,9.96,407,11,2022,38.949999999999996,7.288456271943683,1,0.7307995568574421
1588.51,1.77,0.61,0.11,474,11,2022,1.66,7.371181071617635,0,0.7307995568574421
880.85,80.63,7.1,4.77,300,11,2022,75.86,6.782021973516374,0,1.614492310840232
2205.57,28.64,4.02,0.88,336,11,2022,27.76,7.69919455265688,1,1.614492310840232
1103.99,8.59,1.38,0.51,368,11,2022,8.08,7.007591564137148,0,1.9426522739089958
500.0,84.32,43.97,61.77,207,11,2022,22.54999999999999,6.2166061010848646,1,1.1258987056055991
309.38,1.66,0.23,2.39,80,10,2022,-0.7300000000000002,5.7377973532434785,0,3.4174151505512285
500.0,169.54,63.59,19.72,59,10,2022,149.82,6.2166061010848646,1,-0.11539481818667596
755.0,178.26,40.36,12.44,330,9,2022,165.82,6.628041376179533,1,-4.816693649858427
807.84,1.62,2.94,6.48,510,9,2022,-4.86,6.6956011224675285,0,1.2562630902222427
562.1,70.53,37.66,43.66,326,9,2022,26.870000000000005,6.333457232260573,1,0.7598845855550929
840.13,87.56,7.13,2.84,220,8,2022,84.72,6.73474622591049,1,-2.1474823933850695
808.04,17.57,1.33,0.59,642,6,2022,16.98,6.695848359593915,0,3.4850115649088576
412.79,4.05,1.28,2.61,256,6,2022,1.44,6.025358598755538,0,1.8998180723474256
402.26,1.06,0.76,0.32,878,5,2022,0.74,5.99958151520993,0,5.389198697916697
1501.73,3.01,0.32,0.8,42,5,2022,2.21,7.315038732897085,0,0.6905684745587726
165.42,12.02,6.59,11.12,326,5,2022,0.9000000000000004,5.114514713472284,0,2.173341347727553
5235.0,2.66,0.27,0.31,487,5,2022,2.35,8.56331312702979,0,2.173341347727553
537.94,1.26,0.74,0.61,630,5,2022,0.65,6.289604247458597,0,0.6126688375975853
20557.2,2.83,1.39,1.14,949,5,2022,1.6900000000000002,9.931015167098364,0,-0.9258904429126358
1580.85,38.9,1.37,0.7,542,5,2022,38.199999999999996,7.366350327144476,0,-5.827764668893909
1399.6,152.04,10.68,4.73,292,5,2022,147.31,7.244655995221417,1,-4.322886916398971
130.05,1.91,2.68,6.92,153,4,2022,-5.01,4.875578929769415,1,-3.2002281426164014
200.0,2.02,2.09,5.68,137,4,2022,-3.6599999999999997,5.303304908059076,1,1.203562712034234
60.0,2.81,0.94,6.28,68,4,2022,-3.47,4.110873864173311,1,1.8138213238992673
4300.0,2.2,11.75,0.9,650,4,2022,1.3000000000000003,8.366602832783736,1,1.6350184125555334
3149.19,7.49,1.07,0.39,866,2,2022,7.1000000000000005,8.055218047460972,0,0.6308942454770206
3600.0,5.73,56.3,3.92,230,2,2022,1.8100000000000005,8.188966863648876,0,0.9636374143206838
680.0,2.68,25.61,3.08,175,1,2022,-0.3999999999999999,6.523562306149512,0,-3.336700977879925
1100.0,1.98,1.45,2.15,216,12,2021,-0.16999999999999993,7.00397413672268,0,2.3508758591852086
700.0,31.83,161.22,56.01,274,12,2021,-24.18,6.55250788703459,1,1.460393711344743
125.96,1.82,19.04,81.24,274,12,2021,-79.42,4.843872076218154,1,-0.9400894399061666
588.22,190.86,254.22,23.14,585,12,2021,167.72000000000003,6.3787996283436765,1,-1.2638367710414822
1398.3,111.9,85.33,5.24,796,12,2021,106.66000000000001,7.243727390561667,1,-1.456289938535682
1039.61,196.36,424.69,15.2,1033,12,2021,181.16000000000003,6.947562358650505,1,-4.228419014239238
600.0,1.85,4.82,12.72,118,12,2021,-10.870000000000001,6.398594934535208,0,-5.15304070511573
1335.74,8.42,42.04,8.08,425,12,2021,0.33999999999999986,7.197989092970487,0,-2.7736560697777635
659.38,2.5,25.42,7.76,550,12,2021,-5.26,6.492815426911429,0,0.7454987160281368
619.23,215.45,666.19,29.44,453,12,2021,186.01,6.430090376989552,1,-0.19193806262763902
6400.44,1.03,0.19,1.1,900,12,2021,-0.07000000000000006,8.76427824403906,0,2.006188553485644
1013.61,100.73,262.08,49.7,690,11,2021,51.03,6.922259581184945,1,-4.399720391601281
1023.47,115.77,184.58,10.56,662,11,2021,105.21,6.931930684673345,0,-5.404407097103925
600.0,145.48,850.66,119.44,197,11,2021,26.039999999999992,6.398594934535208,1,-2.0714909592458253
2073.25,7.5,3.46,8.7,1180,11,2021,-1.1999999999999993,7.637354921544395,1,-1.5486884672402557
18300.0,2.79,0.24,1.66,2150,11,2021,1.1300000000000001,9.814710982145282,0,-1.5486884672402557
5709.72,24.89,7.82,3.31,980,11,2021,21.580000000000002,8.650100389271731,1,1.5718597148506541
800.0,1.42,2.32,1.38,542,11,2021,0.040000000000000036,6.68586094706836,0,1.5718597148506541
125.43,86.51,172.43,80.49,163,11,2021,6.02000000000001,4.839688795323807,1,1.5718597148506541
1200.29,1.65,0.21,5.92,577,11,2021,-4.27,7.091151258377357,0,1.1951556161046595
5349.72,91.18,112.02,12.24,1125,11,2021,78.94000000000001,8.584986410274304,1,1.9553851535469402
2768.26,10.36,4.39,3.24,712,10,2021,7.119999999999999,7.926335415476556,0,1.8605745827861009
170.78,169.65,927.7,112.81,175,10,2021,56.84,5.146214588338078,1,-0.08320453790314764
1282.52,0.29,0.07,0.87,744,9,2021,-0.5800000000000001,7.157361582581688,0,1.9050256422605383
1894.26,13.07,1.32,1.09,531,9,2021,11.98,7.5471113112712604,0,0.84628256147945
569.64,86.64,154.81,13.36,610,9,2021,73.28,6.346758537969783,1,0.84628256147945
2780.05,32.41,33.91,1.35,353,8,2021,31.059999999999995,7.930583833216534,0,1.5900320973511795
3850.0,2.7,1.03,2.29,541,8,2021,0.41000000000000014,8.25608813381491,0,1.5900320973511795
5000.0,4.23,0.66,0.73,570,8,2021,3.5000000000000004,8.517393171418904,0,1.3155382011085681
2998.51,35.45,41.0,2.75,1618,8,2021,32.7,8.006204220976572,0,1.0466790419812577
1838.0,95.27,213.06,39.52,90,8,2021,55.74999999999999,7.516977224604321,1,1.6474855369907226
401.54,24.4,15.73,24.27,460,8,2021,0.129999999999999,5.997794470802852,0,1.6474855369907226
160.77,17.67,5.36,40.1,120,8,2021,-22.43,5.0861755733416025,0,1.6474855369907226
1213.34,49.83,116.3,42.04,954,8,2021,7.789999999999999,7.1019559983061695,0,1.6474855369907226
731.1,143.58,360.11,24.49,900,8,2021,119.09000000000002,6.595917116652597,1,3.04085508239611
1513.6,36.97,122.54,14.63,720,8,2021,22.339999999999996,7.322906656679722,0,3.3661361448465987
500.0,185.23,512.22,35.35,1083,7,2021,149.88,6.2166061010848646,1,0.1653703819197272
9375.0,51.79,32.96,7.45,76,7,2021,44.339999999999996,9.145908511816794,1,0.27636750003674493
962.33,75.4,165.03,7.69,837,7,2021,67.71000000000001,6.870396032224769,1,0.1557741299951454
1546.62,70.31,110.28,5.71,900,7,2021,64.60000000000001,7.344473545978832,1,0.1557741299951454
800.0,42.95,51.88,11.3,296,7,2021,31.650000000000002,6.68586094706836,1,0.27801242852172336
520.18,84.88,73.26,11.33,428,6,2021,73.55,6.25609547152901,1,0.7857794818693531
2143.74,5.26,1.89,2.9,825,6,2021,2.36,7.6707736118941225,1,0.7857794818693531
5550.0,3.46,0.39,1.57,291,6,2021,1.89,8.621733370690162,0,-0.49655657757927685
908.55,155.71,339.98,11.58,306,6,2021,144.13,6.812949971708225,1,-0.49655657757927685
7734.99,4.63,5.07,0.0,100,5,2021,4.63,8.95363874447459,0,1.2506453605180656
2500.0,3.05,1.44,0.4,486,4,2021,2.65,7.824445930877619,0,-3.1014107883598707
452.87,5.11,3.1,13.13,500,4,2021,-8.02,6.117810813424853,0,3.44958359630827
582.69,103.77,389.89,75.29,1101,3,2021,28.47999999999999,6.369370019974588,1,1.9731622987437358
580.84,2.18,1.31,3.09,305,3,2021,-0.9099999999999997,6.366195495846285,0,-1.4536759854035353
1174.82,2.76,1.91,2.82,87,3,2021,-0.06000000000000005,7.069721055519017,0,-1.4536759854035353
823.7,5.21,2.84,3.43,1490,3,2021,1.7799999999999998,6.7150196838393095,0,-3.927110161110914
600.0,175.43,217.62,20.06,130,3,2021,155.37,6.398594934535208,1,-3.927110161110914
760.0,65.74,97.42,10.77,555,3,2021,54.97,6.634633357861686,0,-2.54596342392579
510.0,77.53,382.21,70.4,187,3,2021,7.1299999999999955,6.236369590203704,1,-2.3472711112168976
596.41,164.99,650.79,28.4,575,3,2021,136.59,6.392603644845124,1,-2.0733825987442334
625.24,67.45,271.15,11.84,627,3,2021,55.61,6.439733684207711,1,-0.2930208959084246
819.24,65.14,73.25,16.78,94,2,2021,48.36,6.709596980361836,1,-4.469422394396172
100.0,3.1,31.59,166.65,400,2,2021,-163.55,4.61512051684126,1,-1.4111815637970926
3800.0,4.78,11.74,0.0,275,2,2021,4.78,8.24301946898925,0,2.607837548369263
412.63,8.02,32.72,26.04,385,2,2021,-18.02,6.024971854412897,1,6.849829962412746
1153.72,52.53,39.0,6.59,518,2,2021,45.94,7.051613169323963,1,2.90879976429701
1169.12,189.57,263.05,15.93,1490,2,2021,173.64,7.064861586635028,1,0.3940961083143124
4633.38,3.78,2.67,3.66,26,1,2021,0.11999999999999966,8.441257704219849,0,-6.105237928135265
299.99,0.89,0.26,0.37,315,1,2021,0.52,5.707077041605631,1,4.10060820954159
540.54,176.85,620.86,29.33,288,12,2020,147.51999999999998,6.294416932595607,1,1.33698703809082
810.0,86.64,354.11,68.15,60,12,2020,18.489999999999995,6.698268054115413,1,3.2301904794620695
6479.55,6.4,0.51,0.24,1500,11,2020,6.16,8.77656066228772,1,1.8046741959291568
517.6,3.91,0.22,2.08,33,11,2020,1.83,6.251132873104564,0,-1.910652345495989
2159.88,3.34,0.93,2.32,554,10,2020,1.02,7.678270825117754,0,6.075993460728557
61.2,21.99,1.54,23.71,120,10,2020,-1.7200000000000024,4.130354999745133,0,0.15390672716424358
443.69,89.71,678.88,35.63,145,10,2020,54.07999999999999,6.097377410193878,1,6.075993460728557
600.0,3.07,0.11,1.83,306,10,2020,1.2399999999999998,6.398594934535208,0,3.3372711008162526
2242.11,73.18,111.85,5.55,1230,10,2020,67.63000000000001,7.715618574780042,1,2.360660370965295
318.0,113.54,449.14,41.21,340,10,2020,72.33000000000001,5.765191102784844,1,2.360660370965295
600.0,89.76,192.81,12.67,350,9,2020,77.09,6.398594934535208,1,-1.7354865629844785
702.02,77.43,351.46,70.94,166,9,2020,6.490000000000009,6.555385340908119,1,1.7561532236784583
15000.0,1.9,0.63,0.47,12,7,2020,1.43,9.61587214452889,0,3.6485235243085556
496.25,85.26,239.83,7.23,425,7,2020,78.03,6.209092917734082,1,5.732823073918936
10340.8,57.18,45.23,2.5,755,3,2020,54.68,9.24394921414995,0,-18.252596296995826
500.0,3.54,1.21,1.89,178,12,2019,1.6500000000000001,6.2166061010848646,0,0.27982488172164643
745.95,110.72,473.0,49.09,37,12,2019,61.629999999999995,6.615998248488326,1,-0.18676018625863877
409.68,62.18,164.68,44.53,195,12,2019,17.65,6.017814322430764,1,-0.2530266461331365
60.0,1.0,1.76,0.64,60,10,2019,0.36,4.110873864173311,0,1.0102510578707813
637.97,108.79,354.52,14.94,320,10,2019,93.85000000000001,6.459857504918618,1,-0.16505426416831837
2849.64,1.02,0.89,0.3,780,8,2019,0.72,7.955298809456067,0,1.4877251163004868
1189.85,3.11,0.55,0.09,856,8,2019,3.02,7.082422616839232,0,0.9649979734204006
459.0,55.31,198.69,10.96,745,8,2019,44.35,6.131226489483141,1,-0.4776570394090629
475.59,14.92,15.78,3.03,973,7,2019,11.89,6.166656582488999,1,1.2741104501693634
132.35,30.49,113.88,16.06,215,5,2019,14.43,4.892977250628023,1,-2.4253089222622926
1345.26,92.44,110.42,4.65,538,4,2019,87.78999999999999,7.205085656483865,1,1.0389226191039214
1204.29,8.88,3.03,2.21,880,4,2019,6.670000000000001,7.094475480870259,0,0.7962546074754329
477.11,1.36,0.8,2.93,19,4,2019,-1.57,6.169840831539652,0,-0.9946043613821454
4750.0,2.15,3.09,0.0,300,4,2019,2.15,8.46611040118692,0,1.1857895613056169
211.04,0.29,1.71,2.18,120,3,2019,-1.8900000000000001,5.3567749361196055,0,1.1857895613056169
1641.18,4.66,1.1,0.03,280,2,2019,4.63,7.403779906415969,0,3.9165635987210345
23.0,1.24,7.69,2.64,66,2,2019,-1.4000000000000001,3.1780538303479458,0,0.5755884572683057
1640.32,2.77,0.26,0.25,821,10,2018,2.52,7.40325607512639,0,-6.384682303552469
343.59,1.81,0.31,0.24,118,10,2018,1.57,5.842355304520125,0,-4.303121806814591
466.94,12.29,4.92,10.07,475,9,2018,2.219999999999999,6.148340082570462,0,-3.089398640333163
1131.19,5.52,0.98,0.88,422,8,2018,4.64,7.031909089201781,0,1.3408285576796963
2800.33,192.26,195.15,6.73,1100,8,2018,185.53,7.937849583386506,1,1.968244862515811
1125.13,13.47,5.08,0.67,716,7,2018,12.8,7.026542254966188,0,3.307902713619426
1954.96,9.16,2.45,0.95,967,7,2018,8.21,7.57863640048791,0,0.9487976862807113
600.17,12.86,21.01,1.62,783,7,2018,11.239999999999998,6.398877756434162,0,-0.7801790108561857
460.51,71.72,194.56,15.74,185,7,2018,55.98,6.134503722180521,0,-0.7801790108561857
1844.0,16.08,6.91,1.48,572,5,2018,14.599999999999998,7.520234556474628,0,-1.8648689458577783
1038.68,3.89,0.12,0.12,56,4,2018,3.77,6.946668252480736,0,1.916696152972075
3514.85,1.04,0.36,0.88,520,4,2018,0.16000000000000003,8.165036595778973,0,0.1349552942484955
435.02,1.96,0.13,0.72,90,4,2018,1.24,6.0776881138566,0,0.1349552942484955
512.48,14.49,6.39,1.42,332,4,2018,13.07,6.2412110802167255,0,0.8637611173711646
4113.13,1.73,0.03,0.39,1215,3,2018,1.3399999999999999,8.322182669130278,0,0.1926858886247107
77.4,1.55,3.44,2.01,180,4,2018,-0.45999999999999974,4.361823927356363,0,0.8637611173711646
4473.02,38.67,13.89,1.2,375,3,2018,37.47,8.40604261231277,1,-0.1078944358693823
952.79,1.5,0.5,1.41,428,3,2018,0.09000000000000008,6.860443521430886,0,-3.965560810756308
462.0,8.37,4.97,3.08,270,3,2018,5.289999999999999,6.137727054086234,0,-3.1025288401137607
980.14,2.1,0.55,1.18,190,2,2018,0.9200000000000002,6.888715160901901,0,0.351805124223592
937.09,54.27,6.96,6.01,1480,2,2018,48.260000000000005,6.843845893230722,0,-4.2788754805414
599.57,174.99,519.26,11.65,859,1,2018,163.34,6.397879204251734,1,2.150784788989557
424.62,15.62,5.52,5.18,245,1,2018,10.44,6.053546929404526,0,3.1686426083788355
156.0,101.93,958.07,40.19,275,1,2018,61.74000000000001,5.056245805348308,1,2.9574131949808624
69.83,103.36,396.99,77.93,50,12,2017,25.429999999999993,4.260282639765531,1,0.6451181162550945
649.7,12.36,11.15,3.28,664,12,2017,9.08,6.478048706500939,0,2.1840892366421727
504.8,4.34,0.42,2.98,248,12,2017,1.3599999999999999,6.226141334235865,0,2.8788084733360364
8695.0,16.6,2.29,0.94,290,11,2017,15.660000000000002,9.070618428801046,0,-0.18975537101535433
543.06,2.44,0.18,2.33,750,11,2017,0.10999999999999988,6.299059534891641,0,-2.5438927589093496
9466.98,2.34,0.12,0.11,800,11,2017,2.23,9.155670858253105,0,-1.9076499270983538
828.88,15.6,2.07,6.1,429,11,2017,9.5,6.721281112024939,0,-1.1373976342129222
1542.24,118.4,209.44,5.65,252,11,2017,112.75,7.341639381421487,1,1.0441037340171322
11175.8,2.25,0.22,0.63,912,10,2017,1.62,9.321595480336278,0,1.2579300769180568
1000.73,2.56,0.85,2.61,1650,10,2017,-0.04999999999999982,6.909483784255807,0,2.003543472084268
460.04,148.33,378.53,15.97,459,10,2017,132.36,6.133484807128411,1,2.2234975284695313
1157.31,150.96,236.04,7.67,460,10,2017,143.29000000000002,7.054717325243,1,3.4600039166389873
481.56,76.89,101.15,8.48,938,10,2017,68.41,6.179105265379537,1,0.1630835501746697
8386.4,12.56,0.7,0.85,700,10,2017,11.71,9.034485858705137,0,-2.5924024194906914
5700.94,8.17,0.83,1.23,661,9,2017,6.9399999999999995,8.648561746793613,0,-4.1105635267247305
400.0,131.32,638.05,17.57,250,9,2017,113.75,5.993961427306569,1,-2.1216267948327983
496.88,1.88,0.41,18.16,985,9,2017,-16.28,6.210359084132777,0,0.28584606730168716
600.65,1.33,1.63,5.69,205,9,2017,-4.36,6.399675880884171,0,2.2477488189179162
599.28,134.66,345.61,10.6,1766,9,2017,124.06,6.397396213027789,1,2.2477488189179162
152.25,1.91,7.82,8.53,175,9,2017,-6.619999999999999,5.032070574816321,1,0.6125309248921518
1442.01,63.52,288.87,8.51,432,8,2017,55.010000000000005,7.274486488756788,0,-3.6770341250061955
779.58,5.64,1.66,19.51,815,8,2017,-13.870000000000001,6.660037233101347,0,-2.9106333808420315
35.87,0.0,2.59,19.42,108,7,2017,-19.42,3.607398212246053,1,0.7909916035979903
1912.51,78.77,143.51,3.52,358,7,2017,75.25,7.556694530877709,1,2.8087899568011165
484.8,1.48,2.85,0.99,170,7,2017,0.49,6.185797016568072,0,-0.17341843522845624
523.99,148.71,563.03,23.83,149,6,2017,124.88000000000001,6.2633792147911675,1,-1.3735910226860715
1741.16,4.68,0.45,3.51,603,6,2017,1.17,7.462881001644695,0,-1.5889143562896169
776.69,2.16,0.48,3.1,257,6,2017,-0.94,6.656327987189528,0,-0.6958557892430384
211.68,8.38,10.39,6.47,210,5,2017,1.910000000000001,5.359788688636137,0,1.8606619864190765
2249.96,1.14,1.6,0.0,100,6,2017,1.14,7.719112070868793,0,0.4382526806591347
1209.78,55.45,330.36,10.79,60,5,2017,44.660000000000004,7.099020059006515,1,0.2189851111924268
5032.88,10.81,5.89,0.0,102,5,2017,10.81,8.52394633750887,0,1.2085693196571157
728.6,44.27,204.65,6.07,670,5,2017,38.2,6.592496438760121,0,-0.27082395585699137
345.0,51.62,90.68,15.35,460,4,2017,36.269999999999996,5.846438775057725,1,1.7254105250878338
238.95,3.65,0.21,1.63,502,3,2017,2.02,5.4804305683042545,0,1.5868511711839561
1870.0,144.62,277.74,7.51,299,3,2017,137.11,7.534228326274089,1,2.1787834658899996
488.53,39.78,109.13,9.85,333,3,2017,29.93,6.193445747120171,1,2.3823827779042794
1243.43,48.64,159.03,6.48,806,2,2017,42.16,7.126432872736746,1,3.128322951638851
1330.51,10.54,3.58,1.67,428,12,2016,8.87,7.194068915552484,1,-1.727926644336486
510.0,14.51,3.35,0.44,730,12,2016,14.07,6.236369590203704,1,0.4529150708249663
1112.5,4.94,0.42,0.82,445,11,2016,4.12,7.015263486697422,0,-0.8322474137430702
3000.0,37.33,86.17,1.35,775,11,2016,35.98,8.006700845440367,1,-1.3719879900467191
1161.73,53.43,127.07,2.69,472,10,2016,50.74,7.058525967354253,1,-0.579251470441644
361.0,5.77,22.2,3.31,202,10,2016,2.4599999999999995,5.8916442118257715,0,-0.7065511200466834
6056.79,11.83,28.55,1.42,334,9,2016,10.41,8.709100326080431,0,-2.1040620609397043
130.41,17.18,217.47,11.84,207,9,2016,5.34,4.878322206655547,1,-0.2230470564725251
894.4,5.01,1.03,1.75,860,9,2016,3.26,6.797270545806865,0,1.2026470791641763
1212.97,85.08,198.06,5.7,225,8,2016,79.38,7.101651259617235,1,1.8199915122365296
239.12,1.0,0.45,0.54,268,8,2016,0.45999999999999996,5.481138798383642,1,1.8199915122365296
653.98,9.76,79.64,2.35,219,8,2016,7.41,6.484604700817924,0,-0.3566085494091098
411.49,94.03,393.1,11.67,896,8,2016,82.36,6.022211963056641,1,1.485883845274838
1236.38,19.91,10.76,7.39,710,7,2016,12.52,7.120751520044011,0,-0.128507584904336
400.0,59.03,392.21,34.08,317,7,2016,24.950000000000003,5.993961427306569,1,2.814995682634014
1038.88,72.84,191.61,6.82,421,7,2016,66.02000000000001,6.946860600862717,1,1.5194291733591436
750.54,1.15,3.08,2.12,215,5,2016,-0.9700000000000002,6.6221244346561035,0,-1.3235617653697074
882.5,33.84,135.45,4.02,210,5,2016,29.820000000000004,6.783891291759751,0,0.48408877863750366
479.21,73.18,225.3,8.73,446,5,2016,64.45,6.174223508226715,1,0.2395718842588268
2176.69,14.93,57.29,1.4,110,4,2016,13.53,7.686019960947626,1,4.844656757982624
450.0,0.86,2.23,1.31,432,4,2016,-0.45000000000000007,6.111467339502679,0,0.5690275039137438
70.0,1.01,2.02,2.08,45,4,2016,-1.07,4.2626798770413155,0,0.11422013417918819
649.64,2.36,0.43,0.83,218,3,2016,1.5299999999999998,6.47795649385852,0,2.963712672973906
451.25,4.34,36.69,3.82,321,2,2016,0.52,6.114235124275405,0,-1.4585814647955386
423.68,26.97,185.24,10.62,850,2,2016,16.35,6.0513359441453725,0,-5.173322006562864
410.19,2.62,0.73,2.01,186,2,2016,0.6100000000000003,6.019055394779095,0,-0.5037261397597192
613.08,24.43,3.62,1.89,250,1,2016,22.54,6.420125212819335,1,-1.5271472344051906
631.91,63.56,61.28,4.24,550,12,2015,59.32,6.4503282319408415,1,2.822208954675154
1347.76,57.19,129.96,3.17,1050,12,2015,54.019999999999996,7.206940930817334,1,2.822208954675154
508.17,4.68,1.14,0.47,180,11,2015,4.21,6.232781949001056,1,-3.15233281848164
3008.5,17.8,3.57,0.92,765,11,2015,16.88,8.009529230987825,1,-3.501818962418357
491.66,3.04,1.66,1.68,103,9,2015,1.36,6.199819280948752,0,4.502700249385971
362.57,0.88,1.42,0.34,115,9,2015,0.54,5.895971850648506,0,2.0272171235297343
70.0,0.97,2.09,1.54,65,9,2015,-0.5700000000000001,4.2626798770413155,0,0.02889857846963828
156.19,2.2,1.44,0.41,178,9,2015,1.7900000000000003,5.057455264740146,0,0.02889857846963828
600.0,6.47,0.9,1.62,155,9,2015,4.85,6.398594934535208,0,-1.915618666625174
273.22,27.53,133.22,3.42,640,8,2015,24.11,5.613930703928509,0,-8.085707982773382
550.0,51.47,90.24,4.78,250,8,2015,46.69,6.311734809152915,1,-0.8262187103654339
400.0,1.98,0.38,1.16,320,7,2015,0.8200000000000001,5.993961427306569,0,-0.4773877673716953
488.44,4.51,0.65,0.28,378,5,2015,4.2299999999999995,6.193261880402593,0,0.9319382940735199
600.0,4.49,1.17,1.02,625,5,2015,3.47,6.398594934535208,0,-1.2084327759852576
324.0,1.02,1.51,0.97,63,5,2015,0.050000000000000044,5.783825182329737,0,-2.5074501068601207
467.88,58.22,250.86,7.92,205,4,2015,50.3,6.150346872168174,1,-2.3425143982572894
1020.53,35.68,35.38,2.15,325,4,2015,33.53,6.929056782402053,1,5.237722607747464
374.59,1.17,0.7,1.37,180,4,2015,-0.20000000000000018,5.928498122911523,0,1.3689673079994025
174.71,1.01,0.09,0.39,181,3,2015,0.62,5.1688349087698,0,-0.8884179475288967
350.43,13.96,1.71,6.96,645,12,2014,7.000000000000001,5.862010544903483,0,-1.5612213198731295
120.0,5.69,8.64,7.79,170,10,2014,-2.0999999999999996,4.795790545596741,0,-2.464309009158805
351.86,32.06,251.35,5.85,156,9,2014,26.21,5.86607137769992,1,-1.085068105761522
197.4,16.98,221.79,41.26,47,9,2014,-24.279999999999998,5.290285194850773,1,-0.11214474584987366
181.25,16.71,159.04,7.55,125,5,2014,9.16,5.2053793708887675,1,2.1376688088678764
498.13,23.43,5.85,2.99,150,2,2014,20.439999999999998,6.212866582863889,0,2.445693644103697
6958.64,115.9,40.34,6.77,90,12,2013,109.13000000000001,8.847883027852795,0,-2.6244138539456285
919.14,10.12,22.34,3.53,530,6,2013,6.59,6.824525832378854,1,-2.6187058883116454
270.23,3.39,0.35,0.51,172,4,2013,2.88,5.602967169417385,0,-0.7231230963791968
94.42,1.52,1.39,0.79,210,2,2013,0.73,4.5582882000879605,0,0.7663759892645006
4172.76,2.84,0.29,0.19,220,12,2012,2.65,8.336572587181918,0,0.19587392062332398
601.31,7.33,18.12,1.68,135,12,2012,5.65,6.400772262933597,0,0.20826909841218377
539.98,45.8,110.96,6.18,750,12,2012,39.62,6.293382309586417,1,0.4422069455091826
179.5,1.49,3.1,2.05,230,12,2012,-0.5599999999999998,5.195730777772936,0,5.234301621952531
55.0,1.15,0.38,1.13,55,7,2012,0.020000000000000018,4.02535169073515,0,-1.1156099588772395
176.09,4.68,2.19,0.55,150,5,2012,4.13,5.176658077920708,0,1.212315414032572
200.0,1.29,1.91,0.68,120,5,2012,0.61,5.303304908059076,0,-4.157521074801962
99.0,6.01,8.0,2.17,80,4,2012,3.84,4.605170185988092,0,-0.3531211625032338
124.97,7.07,1.7,3.4,106,4,2012,3.6700000000000004,4.836043783364212,0,-0.3531211625032338
24.75,0.0,3.44,1.36,30,3,2012,-1.36,3.248434627109745,0,-1.1850716086415969
663.31,49.12,150.35,24.14,1032,3,2012,24.979999999999997,6.498748907997604,1,-0.7803961550088334
29.6,0.0,0.02,3.35,74,11,2011,-3.35,3.4210000089583352,0,3.270887019834956
104.63,0.51,2.35,1.6,155,10,2011,-1.09,4.659942421835071,0,3.2040686311857636
82.5,0.24,4.7,6.18,150,10,2011,-5.9399999999999995,4.42484663185681,0,3.2040686311857636
36.85,1.02,0.93,2.5,110,10,2011,-1.48,3.6336309798834576,0,7.723153882027756
93.0,1.03,1.56,2.35,186,10,2011,-1.32,4.543294782270004,0,2.3631188472818865
35.55,0.0,0.75,3.96,79,10,2011,-3.96,3.5986811861957873,0,-1.6736272630123228
60.0,0.31,2.76,4.68,138,10,2011,-4.37,4.110873864173311,0,-1.9639483879872577
120.65,0.98,1.84,1.64,210,9,2011,-0.6599999999999999,4.801148069229532,0,-4.734327949288097
227.0,6.52,0.38,0.38,256,9,2011,6.14,5.429345628954441,0,8.53974918892324
203.0,0.75,5.11,0.32,58,9,2011,0.43,5.318119993844216,0,-0.7883446306307329
63.0,0.0,2.82,3.36,100,9,2011,-3.36,4.1588830833596715,0,1.3801106168343402
112.06,1.02,1.68,2.76,135,8,2011,-1.7399999999999998,4.727918651247145,0,-6.106875904857101
1245.0,1.93,6.18,9.61,52,8,2011,-7.68,7.1276936993473985,0,-6.13990566472401
81.9,0.25,9.49,8.66,117,8,2011,-8.41,4.417635062141249,0,-4.359763737341238
55.1,0.0,1.94,5.06,82,7,2011,-5.06,4.027135812528651,0,-2.2410027356032924
34.75,0.03,1.37,4.18,108,7,2011,-4.1499999999999995,3.5765502691400166,0,-1.1512220987080823
40.64,0.23,1.35,6.57,72,7,2011,-6.34,3.7290612437467683,1,3.3118207688204393
65.18,1.04,0.17,1.82,10,7,2011,-0.78,4.192378302493466,0,3.3118207688204393
23.25,0.65,3.22,14.22,63,6,2011,-13.57,3.188416617383492,1,-3.729846196922304
25.75,0.0,1.11,3.41,40,6,2011,-3.41,3.2865344733420154,0,-0.29455748402592574
4578.2,6.92,1.2,2.0,203,5,2011,4.92,8.429279589362132,0,1.0238718776542255
117.0,0.14,2.65,1.84,234,5,2011,-1.7000000000000002,4.770684624465665,0,1.0238718776542255
36.9,0.0,1.82,2.93,85,5,2011,-2.93,3.634951112088381,0,-1.8154826140222569
49.0,0.16,11.29,6.83,49,10,2011,-6.67,3.912023005428146,0,0.40371416260323034
60.0,0.34,4.21,1.9,29,5,2011,-1.5599999999999998,4.110873864173311,0,-1.4213215517047795
217.41,0.85,1.94,1.48,117,5,2011,-0.63,5.386374030368319,0,0.13725649097982018
750.0,0.26,7.81,0.61,10,5,2011,-0.35,6.621405651764134,0,-3.622054091660143
45.83,0.33,3.28,9.31,35,5,2011,-8.98,3.8465240231954505,0,-4.05068040938501
901.25,25.01,60.94,8.5,175,5,2011,16.51,6.804891643522898,0,-4.841524739184788
55.88,1.04,6.39,5.74,69,4,2011,-4.7,4.040943785494986,1,0.9390702370273063
433.28,2.85,0.22,1.18,28,3,2011,1.6700000000000002,6.0736894873636516,0,7.8829377388275335
93.28,21.87,99.87,20.84,205,3,2011,1.0300000000000011,4.5462690780679305,1,1.3349481398559515
29.48,0.0,0.22,4.38,70,3,2011,-4.38,3.4170707308184456,1,-1.3916232745959878
170.0,1.12,2.0,1.21,90,3,2011,-0.08999999999999986,5.14166355650266,1,3.0216078815684666
69.98,0.17,4.47,2.28,77,3,2011,-2.11,4.2623981472183505,0,-1.3916232745959878
79.38,0.82,5.27,9.9,98,2,2011,-9.08,4.386765389021055,0,-3.533197661600518
3477.0,10.41,7.21,1.6,610,2,2011,8.81,8.154212694914229,0,-4.643201966119548
60.0,0.35,4.68,9.01,70,1,2011,-8.66,4.110873864173311,0,-0.8921737532605278
165.0,1.02,3.92,4.82,110,1,2011,-3.8000000000000003,5.111987788356544,0,-0.7386037656402777
480.0,49.8,85.84,44.45,120,12,2010,5.349999999999994,6.175867270105761,1,1.6864872465393033
776.25,0.68,3.12,0.33,400,12,2010,0.35000000000000003,6.655762048938863,0,1.224684922976671
73.6,0.15,7.31,3.01,64,12,2010,-2.86,4.312140507209715,0,1.795568733359132
1164.73,4.19,3.67,6.56,140,12,2010,-2.369999999999999,7.061102779204137,0,-1.667991077016151
1237.51,49.16,143.3,32.86,375,12,2010,16.299999999999997,7.121664323180225,1,-1.667991077016151
300.0,1.31,2.03,1.6,228,12,2010,-0.29000000000000004,5.707110264748875,0,0.7342786378180088
48.75,0.16,7.27,5.6,75,12,2010,-5.4399999999999995,3.907010463604602,0,3.3191085822664723
7442.34,115.9,40.34,6.77,90,11,2010,109.13000000000001,8.915074951821762,0,-5.2576139003179145
45.0,6.04,182.52,37.34,125,11,2010,-31.300000000000004,3.828641396489095,1,-4.665854030500749
15199.4,24.7,25.4,2.31,245,11,2010,22.39,9.629077022277587,1,3.2851003730269612
54.67,1.54,33.44,8.0,71,10,2010,-6.46,4.019441402195416,0,-1.0418171797653142
1200.0,4.32,0.24,0.08,183,10,2010,4.24,7.0909098220799835,0,-1.0418171797653142
190.45,0.52,3.16,1.04,248,10,2010,-0.52,5.254626677923303,0,-1.0418171797653142
1028.61,22.15,3.61,0.94,260,10,2010,21.209999999999997,6.9369353687444635,0,-2.505765257510595
172.41,3.68,0.34,0.38,127,10,2010,3.3000000000000003,5.1556587328104575,0,-0.7246313218354561
91.8,0.67,29.19,8.51,102,10,2010,-7.84,4.530446639792155,1,0.5133634998114589
50.2,1.66,40.94,7.45,100,10,2010,-5.79,3.9357395320454622,1,0.5133634998114589
225.0,25.52,13.91,3.46,324,10,2010,22.06,5.420534999272286,0,0.5133634998114589
267.91,27.99,62.48,9.07,355,10,2010,18.919999999999998,5.59437675112927,1,-0.8545756557369999
472.59,36.13,100.98,8.55,1310,10,2010,27.580000000000002,6.160341968482009,1,1.208707022063571
105.0,1.71,3.83,2.63,135,10,2010,-0.9199999999999999,4.663439094112067,0,-0.8545756557369999
900.0,2.09,0.64,0.18,47,10,2010,1.91,6.803505257608338,0,1.8718874748557157
530.0,4.52,1.45,0.99,450,10,2010,3.5299999999999994,6.274762021241939,0,1.8718874748557157
248.07,5.86,28.58,6.19,11,10,2010,-0.33000000000000007,5.5177339814546125,1,1.8718874748557157
147.5,5.91,35.88,11.04,118,10,2010,-5.129999999999999,5.000584958242754,1,2.118538526457159
350.0,25.79,73.4,11.95,175,10,2010,13.84,5.860786223465865,1,2.498493043975114
115.0,47.45,101.93,31.74,310,10,2010,15.710000000000004,4.7535901911063645,1,2.498493043975114
51.5,1.78,23.18,12.59,43,10,2010,-10.81,3.960813169597578,1,2.5438140935361453
357.0,1.44,1.3,1.81,29,9,2010,-0.3700000000000001,5.8805329864007,0,0.18141793712291854
553.85,13.2,85.7,9.15,46,9,2010,4.049999999999999,6.318697806946573,1,4.398969099652339
68.75,1.27,10.91,6.62,110,8,2010,-5.35,4.244917420701475,0,0.8129910591259781
297.0,20.19,53.49,6.62,660,8,2010,13.57,5.697093486505405,1,-0.12759403451607643
1628.78,20.38,18.26,2.81,985,8,2010,17.57,7.3962003153664755,0,-0.5287270740837346
959.35,23.43,5.85,2.99,290,8,2010,20.439999999999998,6.867297801350861,0,-0.4246603157322726
59.85,1.86,48.41,13.51,133,8,2010,-11.65,4.108411819433536,1,0.9089063431955813
270.0,8.98,3.39,1.0,166,7,2010,7.98,5.602118820879701,0,0.3037357914963845
71.66,4.28,48.85,10.03,240,7,2010,-5.749999999999999,4.2857910267930555,1,2.9154147381354134
53.1,0.01,12.46,7.41,118,7,2010,-7.4,3.9908341858524357,0,0.20606538578338274
200.0,1.48,1.2,0.4,75,7,2010,1.08,5.303304908059076,0,-1.2254169477789678
2486.35,4.15,1.9,0.25,104,6,2010,3.9000000000000004,7.818973165707001,0,1.9821309016071265
2257.6,1.77,1.15,0.61,102,5,2010,1.1600000000000001,7.7225004312895695,0,-4.3729941778189785
1062.51,9.03,3.39,3.12,26,5,2010,5.909999999999999,6.969330037510988,0,-3.671033912025423
107.9,7.97,10.52,2.81,130,5,2010,5.16,4.690430029938915,0,-5.2747649060644335
63.75,0.03,5.08,2.74,75,5,2010,-2.7100000000000004,4.1705337005796475,0,0.9595438965157577
405.0,2.54,0.22,0.16,54,5,2010,2.38,6.0063531596017325,0,0.5904613449305707
77.44,35.43,51.48,8.43,128,5,2010,27.0,4.362334001328145,0,-1.1524186750075383
126.51,0.78,3.0,0.66,135,4,2010,0.12,4.848194792895451,0,-1.926945626980059
53.65,21.97,21.6,13.51,145,4,2010,8.459999999999999,4.000949214622548,0,1.7260120014991331
371.02,1.38,6.13,1.39,260,4,2010,-0.010000000000000009,5.918947616268805,0,1.8869500138158246
168.01,144.43,107.73,21.69,310,4,2010,122.74000000000001,5.129957884770136,1,2.007453798506842
700.0,52.61,39.39,4.56,258,3,2010,48.05,6.55250788703459,1,0.3154900641805236
116.6,8.57,45.35,10.53,110,4,2010,-1.959999999999999,4.767289035464526,0,2.7386007120180578
9967.3,2.28,0.22,0.22,300,3,2010,2.0599999999999996,9.207165336882536,0,1.3561076594893695
128.16,93.86,272.88,19.45,80,3,2010,74.41,4.8610519458900745,1,1.3561076594893695
324.98,47.08,39.15,9.8,66,3,2010,37.28,5.786836029791487,1,2.830538122978532
3529.94,39.3,27.12,7.68,203,3,2010,31.619999999999997,8.169319403430574,1,5.462476783626968
141.75,96.06,104.57,10.26,252,3,2010,85.8,4.96109484853612,1,2.3201096739834615
45.0,1.02,30.5,7.26,90,3,2010,-6.24,3.828641396489095,1,3.9402353169914806
666.0,1.43,4.29,0.28,240,2,2010,1.15,6.502790045915623,0,0.08237656386758108
103.0,49.34,124.53,18.55,450,3,2010,30.790000000000003,4.6443908991413725,1,5.019715581633588
8478.75,2.18,0.43,0.16,201,2,2010,2.02,9.045436247219296,0,1.090211074554981
38.96,0.43,5.55,0.46,45,2,2010,-0.030000000000000027,3.687878953780353,0,1.17972698673654
1500.0,4.47,4.25,0.37,468,2,2010,4.1,7.313886831633462,0,1.17972698673654
28.75,0.52,1.52,2.26,75,2,2010,-1.7399999999999998,3.392829131991639,0,1.090211074554981
56.25,0.99,16.6,6.25,75,2,2010,-5.26,4.047427642434349,1,-2.63389802551951
178.2,1.12,3.65,0.62,165,2,2010,0.5000000000000001,5.18850250054083,0,-2.63389802551951
150.0,0.26,5.07,3.0,220,2,2010,-2.74,5.017279836814924,0,0.8949875417143316
328.72,59.39,51.95,3.79,145,2,2010,55.6,5.798243809445027,1,-2.195286818146802
34.78,0.0,5.45,1.76,50,1,2010,-1.76,3.5773890780805733,0,-6.575260571936559
189.8,48.44,106.02,11.08,165,2,2010,37.36,5.251225759014186,0,-2.0681076716391966
384.22,68.52,26.17,3.42,212,1,2010,65.1,5.953814599656076,1,2.6668682585018644
468.85,7.45,0.41,0.38,490,1,2010,7.07,6.152413494829074,0,5.857572910681497
2700.0,2.88,0.15,0.4,100,1,2010,2.48,7.901377353792616,0,5.645521385596375
102.6,3.35,2.65,0.4,180,1,2010,2.95,4.640537329825382,0,1.5465804681462192
